imo,name,ship_type,build_year,gross_tonnage,DWT
7303803,,Chemical Tanker,1973,1757,3003
7408873,,Chemical/Oil Products Tanker,1975,1676,2507
8106496,,Oil Products Tanker,1981,962,1731
8122347,,Crude Oil Tanker,1982,1914,3150
8126070,,Oil Products Tanker,1982,3508,6031
8223050,,Oil Products Tanker,1983,1305,1550
8231057,,Oil Products Tanker,1975,3463,4125
8312497,,Oil Products Tanker,1983,2998,4999
8319952,,Bunkering Tanker,1983,335,710
8517243,,Bunkering Tanker,1985,498,640
8518572,,Oil Products Tanker,1986,7090,10628
8519966,,LPG Tanker,1987,47249,51466
8604917,,Oil Products Tanker,1986,748,1206
8605026,,Oil Products Tanker,1986,1113,1966
8613360,,Oil Products Tanker,1986,996,2101
8660313,,Oil Products Tanker,2005,2808,3565
8691702,,Oil Products Tanker,2003,2228,3398
8700096,,Oil Products Tanker,1988,2966,2976
8705539,,Oil Products Tanker,1987,1995,2889
8712362,,Oil Products Tanker,1987,1220,2750
8720436,KUM UN SAN,oil tanker,1988,1023,2070
8791667,,Oil Products Tanker,1996,2955,4983
8806321,,Bitumen Tanker,1988,992,1266
8808525,BRONCO,Oil Products Tanker,2005,22950,39999
8817693,,LPG Tanker,1990,4086,4828
8818207,,LPG Tanker,1990,42465,49701
8818219,,LPG Tanker,1990,44493,49996
8818843,,LPG Tanker,1990,19643,29271
8821761,,Oil Products Tanker,1991,4614,7070
8898740,,Bunkering Tanker,1995,841,1250
8909472,MENA,crude oil tanker,1991,29506,45425
8912546,,LPG Tanker,1992,42304,49301
8912558,,LPG Tanker,1990,42465,49618
8916293,,Chemical Tanker,1990,1595,1150
8917467,,Crude Oil Tanker,1992,29506,45425
8917807,,LPG Tanker,1992,45029,56864
8966535,,Oil Products Tanker,1985,815,1205
8982888,GLOBAL EMERALD,Oil Products Tanker,2003,6883,10000
9000883,,LPG Tanker,1991,42286,49345
9002491,,LPG Tanker,1992,45029,56945
9002908,,LPG Tanker,1992,47597,64220
9003550,,Oil Products Tanker,1990,4472,7758
9004815,,Bitumen Tanker,1991,2920,4059
9005053,,LPG Tanker,1993,44868,49874
9005065,,LPG Tanker,1993,44868,49880
9005338,,Bitumen Tanker,1991,4098,6616
9005493,,LPG Tanker,1992,3703,4447
9007386,,LPG Tanker,1991,44493,50357
9008108,,LPG Tanker,1992,44690,50667
9012886,,LPG Tanker,1993,42341,49255
9014420,,LPG Tanker,1993,22521,25926
9014432,,LPG Tanker,1994,22521,30761
9014456,,LPG Tanker,1993,44549,50357
9018464,,Crude Oil Tanker,1993,79978,149686
9030591,,Crude Oil Tanker,1994,20200,36457
9031519,,LPG Tanker,1993,42539,49242
9032666,J881,oil tanker,1992,25669,41315
9035541,,Chemical/Oil Products Tanker,1997,3729,5250
9036052,,Bunkering Tanker,1991,335,750
9036935,,Bunkering Tanker,1991,453,750
9038842,,Crude Oil Tanker,1993,54827,99438
9040118,,LPG Tanker,1994,5821,6758
9041057,,Crude Oil Tanker,1996,79592,146273
9041643,,Bitumen Tanker,1991,685,1229
9041655,,LPG Tanker,1992,44704,50400
9045807,,LPG Tanker,1995,10018,9695
9046784,,LPG Tanker,1993,44576,49999
9051636,,General Cargo Ship,1996,16621,22967
9052331,,LPG Tanker,1994,42551,49353
9053816,,LPG Tanker,1996,3853,4338
9056571,,Oil Products Tanker,1995,5378,8492
9066978,,Oil Products Tanker,1993,1181,2250
9070072,,LPG Tanker,1995,5821,5632
9078191,,Oil Products Tanker,1993,2951,4920
9079066,,Crude Oil Tanker,1996,156809,298732
9079078,,Crude Oil Tanker,1996,156809,298731
9079107,,Crude Oil Tanker,1996,156809,298732
9079169,,Bulk Carrier,1995,27078,43706
9080493,,Chemical/Oil Products Tanker,1995,26218,46166
9087714,,Chemical/Oil Products Tanker,1994,1180,1799
9088536,,LPG Tanker,1995,44546,49679
9102198,,LPG Tanker,1995,23519,29458
9102239,WU XIAN,crude oil tanker,1996,163882,30061
9102241,,Crude Oil Tanker,1996,163882,300361
9102277,,Crude Oil Tanker,1997,163882,300361
9105085,CONTRACT II,chemical/oil tanker,1996,26218,46267
9105140,,Oil Products Tanker,1995,11426,17095
9105906,,Crude Oil Tanker,1995,52067,97220
9108099,,LPG Tanker,1996,25300,38518
9108104,,Chemical/Oil Products Tanker,1995,12394,19999
9113094,,Crude Oil Tanker,1996,7463,12913
9113276,,Oil Products Tanker,1994,2878,3602
9113379,,LPG Tanker,1996,47027,54155
9114581,,LPG Tanker,1995,44574,49743
9114608,,Crude Oil Tanker,1996,79832,148435
9115303,,LPG Tanker,1996,44694,49849
9116412,,Crude Oil Tanker,1997,156880,300579
9116632,POLAR ROCK,crude oil tanker,1996,56924,105274
9117478,,Oil Products Tanker,1996,28341,47144
9117492,,Oil Products Tanker,1997,28338,47144
9117818,,Chemical/Oil Products Tanker,1994,1997,3275
9118745,,Oil Products Tanker,1994,1984,3207
9120994,DEVREZ,Chemical/Oil Products Tanker,1996,28357,46162
9121699,ANDIA,Oil Products Tanker,1996,6534,10877
9125126,CASPIA,Chemical/Oil Products Tanker,1997,12273,19087
9125138,DELICE,Chemical/Oil Products Tanker,1998,12249,19062
9125712,GLOBAL PEAK,Oil Products Tanker,1996,7354,12083
9125724,GLOBAL EVEREST,Oil Products Tanker,1996,7354,12083
9126015,GALA ROSE,Chemical/Oil Products Tanker,1997,29321,45809
9127033,THE GAS AMELIA,LPG Tanker,1996,44549,49708
9127667,TONDA SOURCE,Chemical/Oil Products Tanker,1997,21897,40727
9131096,G JADES,LPG Tanker,1997,5420,7246
9131101,SUN,LPG Tanker,1997,5420,4995
9131357,ORION,Crude Oil Tanker,1997,71850,124768
9133070,FLORA,Chemical/Oil Products Tanker,1997,29083,45049
9133082,MAYMEI,Chemical/Oil Products Tanker,1997,29083,44936
9133850,CS DEVELOPMENT,FSO,1997,163720,300955
9134165,MAX STAR,LPG Tanker,1996,25337,30309
9134294,ECHO STAR,LPG Tanker,1997,44652,49651
9135547,SALOME I,Chemical/Oil Products Tanker,1996,20043,30553
9136058,FOREVER,Crude Oil Tanker,1997,57949,107169
9136113,GLOBAL RANI,Bitumen Tanker,1996,3987,4250
9136644,SIMRAN,Bitumen Tanker,1995,1043,1312
9137648,CARUZO,Crude Oil Tanker,1998,81148,146645
9139696,G YMM,LPG Tanker,1997,22135,26897
9140451,SEA ROCK,Chemical/Oil Products Tanker,1996,9553,15313
9141259,NOVA,Oil Products Tanker,1997,5903,8955
9142150,AKOYA GAS,LPG Tanker,1997,22323,26943
9142916,OKEAN,Oil Products Tanker,1996,3091,4653
9143506,G BAMBOO,LPG Tanker,1997,5420,7237
9144782,BODHI,Crude Oil Tanker,1997,56127,106547
9147447,TIA,Crude Oil Tanker,1998,57148,105336
9149251,RAISSA,Chemical/Oil Products Tanker,1998,27526,47343
9150365,MAHVA,Crude Oil Tanker,1998,78845,150841
9150377,STAR 5,Crude Oil Tanker,1998,78845,150812
9151890,ODIN,oil tanker,1998,5685,8269
9153513,CS BRILLIANCE,FSO,1998,159423,300058
9153525,LILLIAN,Crude Oil Tanker,1998,159423,299986
9154000,THEMIR,Chemical/Oil Products Tanker,1998,20573,30952
9155341,ALAA,LPG Tanker,1998,15180,18111
9155808,MT SOLAN,crude oil tanker,1998,79633,153152
9157478,VINA,LPG Tanker,1998,17980,23292
9157765,ZENITH,Crude Oil Tanker,1998,58141,105161
9158161,NIRVANA,chemical/oil tanker,1999,27526,47431
9160475,RATINA,LPG Tanker,1998,5103,6095
9162502,KALI,Chemical/Oil Products Tanker,1998,28352,45999
9162916,SETA,Oil Products Tanker,1997,28400,47198
9162928,NOBLE,Chemical/Oil Products Tanker,1998,28400,47198
9163269,PETERPAUL,Chemical/Oil Products Tanker,1998,19257,35994
9163764,ARNO BABAJANYAN,Oil Products Tanker,1999,8850,14369
9164500,GLOBAL STAR,Oil Products Tanker,1999,8594,13864
9164512,AVIOR,Oil Products Tanker,1999,8829,13786
9165542,TIGER,crude oil tanker,1999,56076,106552
9165786,AREZOO,General Cargo Ship,1998,15670,22882
9165815,GOLSAN,General Cargo Ship,1998,15670,22882
9166314,ASTORIA,Chemical/Oil Products Tanker,1999,8886,12712
9166675,FT ISLAND,Crude Oil Tanker,1998,157976,311189
9167148,JAGUAR,Crude Oil Tanker,1999,22181,34987
9167162,FELICITA,Crude Oil Tanker,2000,22181,34999
9167253,WAVE,general cargo vessel,1999,16694,23176
9167289,MENSAR,General Cargo Ship,1999,16694,23176
9167930,MURMANSK,Oil Products Tanker,1998,5698,8245
9168740,ELITE,Oil Products Tanker,1998,28519,47204
9168946,ZEVS,Crude Oil Tanker,1999,72449,126355
9169421,MASAL,Crude Oil Tanker,1998,81265,159211
9169691,CS PROSPERITY,FSO,1999,157863,311224
9171175,CILICIA,Chemical/Oil Products Tanker,2000,13846,19740
9171345,NVS PIONEER,Chemical/Oil Products Tanker,2000,27254,44990
9171357,MAYA,Chemical/Oil Products Tanker,2000,27254,44990
9171448,MARLIM,Crude Oil Tanker,1999,157833,299167
9171450,STARK1,Crude Oil Tanker,2000,81479,159681
9171462,SANAN,Crude Oil Tanker,2000,81479,159758
9171498,ALJAFZIA,Chemical/Oil Products Tanker,1999,29289,44999
9171503,BRIGHT GOLD,Oil Products Tanker,1999,29289,44999
9172038,SINOPA,Crude Oil Tanker,1999,81479,159681
9172040,PRELUDE,Crude Oil Tanker,1999,81479,159681
9172052,SILVIA 1,Crude Oil Tanker,2000,81479,159711
9172636,GAS STRENGTH,LPG Tanker,1999,44469,49609
9173745,CHLOE,Crude Oil Tanker,1999,81526,159539
9174220,PUYANG,Crude Oil Tanker,2000,160262,310105
9174397,ARES,Crude Oil Tanker,1999,158281,311168
9174622,SALUTE LEGEND,Chemical/Oil Products Tanker,1999,28269,46471
9174660,JAMES II,Crude Oil Tanker,1998,79714,159713
9175078,ZAMBRA,Crude Oil Tanker,1999,81565,157327
9176656,PURNA,Oil Products Tanker,1999,21827,32950
9176761,JAKA TARUB,Crude Oil Tanker,1999,39283,74999
9176773,MANISA,Crude Oil Tanker,2000,39283,76002
9176929,OASIS,Crude Oil Tanker,2002,24242,37916
9177155,DESTINY,Crude Oil Tanker,1999,152139,281050
9177583,GREAT SAIL,LPG Tanker,2000,17840,23495
9178044,CONFIDENCE P,Oil Products Tanker,1999,28546,47165
9178068,KATSUYA,Oil Products Tanker,1999,28546,47106
9179701,INFINITY,Crude Oil Tanker,2000,157814,299543
9179854,ADLER,Ro-Ro Cargo Ship,1998,8811,7493
9180152,SULLANA,Crude Oil Tanker,2000,160216,306397
9180164,HAUNCAYO,Crude Oil Tanker,2000,160216,306307
9180281,HUMANITY,Crude Oil Tanker,2000,149383,299990
9181194,FELIX,Crude Oil Tanker,2000,159187,308491
9181649,AZURE VOYAGER,Crude Oil Tanker,2000,157814,299325
9182291,AMOR,crude oil tanker,2000,159397,298552
9182318,SA CRYSTAL,FSO,2000,159397,298570
9182667,ZARA,crude oil tanker,2000,40516,71637
9183295,NEON,Crude Oil Tanker,1999,57066,103967
9183831,NP DUDINKA,Oil Products Tanker,2000,14400,21869
9183934,MT FELICITY,Crude Oil Tanker,2000,149383,299990
9185528,ARTARA,Crude Oil Tanker,2000,81151,159959
9185530,SANAR,Crude Oil Tanker,2000,81151,159901
9185865,FULDA,Chemical/Oil Products Tanker,1999,11962,19477
9187227,MERU,Crude Oil Tanker,2000,81093,159999
9187629,ARTAVIL,Crude Oil Tanker,2000,56068,99144
9187631,APAMA,Crude Oil Tanker,2000,56068,99087
9187643,ARNICA,Crude Oil Tanker,2000,56068,99148
9187655,ARK III,Crude Oil Tanker,2000,56068,99030
9187667,ARGO 1,Crude Oil Tanker,2000,56068,99094
9189110,EVELYN,Crude Oil Tanker,2000,40037,73083
9189146,KYLO,Crude Oil Tanker,2001,81236,160573
9189952,EM UNITY,crude oil tanker,1999,56245,106131
9190078,GLOBAL ACE,Chemical/Oil Products Tanker,1999,8594,13754
9190107,MYS MANORSKIY,General Cargo Ship,2000,12949,17072
9191553,EK,Chemical/Oil Products Tanker,2000,9549,16020
9191711,MEHLE,Crude Oil Tanker,1999,78845,150875
9191773,KINGSWAY,chemical/oil tanker,1998,5827,9224
9192258,SLT EMPIRE,Crude Oil Tanker,2000,57680,105588
9192260,OTARIA,Crude Oil Tanker,2000,57680,105856
9192260,OTARIA,crude oil tanker,2000,57680,105856
9193721,DANUTA I,LPG Tanker,2000,49288,56824
9193733,OCEAN PRIDE,LPG Tanker,2001,49292,56745
9194127,STELLAR ORACLE,Crude Oil Tanker,2001,153911,306344
9194139,DIVIT,Crude Oil Tanker,1999,56115,99123
9194969,OCEAN RADIANCE,LPG Tanker,2000,46021,49999
9194983,DELIVER,Crude Oil Tanker,2000,79063,150284
9196620,UMBA,FSO,2001,159397,300259
9196632,BIANCA JOYSEL,Crude Oil Tanker,2002,159383,298561
9196644,ELVA,Crude Oil Tanker,2002,159383,298465
9197727,AQUA SPIRIT,LPG Tanker,1999,6051,7875
9197832,ANDROMEDA V,Crude Oil Tanker,2000,149282,281037
9197844,HORNET,Crude Oil Tanker,2000,149282,281050
9197909,VIZURI,Crude Oil Tanker,2000,157883,309497
9198082,PRELUDE,Crude Oil Tanker,1999,58125,104556
9198082,GLOBAL STAR,Crude Oil Tanker,1999,58125,104556
9198094,ALA,Crude Oil Tanker,2000,58125,104643
9198290,MD MIRANDA,Oil Products Tanker,1999,28246,46408
9198317,ETERNITY,Crude Oil Tanker,2001,149274,281501
9198771,LEONID,Chemical/Oil Products Tanker,2000,44067,74999
9198783,MARIA,Chemical/Oil Products Tanker,2000,44067,74999
9199127,DELMAR,Oil Products Tanker,2000,57031,101155
9200861,TRUGEN,Oil Products Tanker,2000,5412,7413
9202388,CROWN JEWELS,Chemical/Oil Products Tanker,2000,29644,45286
9203253,ANITA,Crude Oil Tanker,2000,157831,299089
9203265,VORAS,Crude Oil Tanker,2000,157831,299089
9203277,LEXIE,Crude Oil Tanker,2001,157831,298911
9203772,TIREX,Crude Oil Tanker,2001,81230,159165
9203784,ADITYA,Crude Oil Tanker,2000,83724,160373
9203928,FUR UP,Chemical/Oil Products Tanker,2000,28981,44954
9203930,FOUR PLUS,Chemical/Oil Products Tanker,2000,28981,44954
9204764,SEATURBO,Crude Oil Tanker,2000,21353,32230
9204776,SEAMULL,Oil Products Tanker,2001,21353,32238
9204805,SYRMA,Chemical/Oil Products Tanker,2000,11951,19399
9205067,VIKRAM,Crude Oil Tanker,2001,79812,153019
9206035,TULJA KALYANI,FSO,2001,159566,299988
9206671,RANGLER,Crude Oil Tanker,2001,63051,108073
9207027,VERNAL,Crude Oil Tanker,2000,83724,160240
9208069,STELLAR BEVERLY,Crude Oil Tanker,2000,80870,147080
9208112,YUHAN,Chemical/Oil Products Tanker,2000,23253,37418
9208124,SKY RIDER,Chemical/Oil Products Tanker,2000,23235,37418
9208136,VIGO,Crude Oil Tanker,2000,60100,105177
9208215,RHN,Crude Oil Tanker,2000,159577,298920
9208239,PAMIR,LPG Tanker,2001,47156,54800
9208473,ANGEL K,Chemical/Oil Products Tanker,2000,23842,35820
9209300,MT GAMA II,Crude Oil Tanker,1999,41825,69999
9209348,SARVIN,Container Ship,2000,36014,41971
9209350,PERARIN,Container Ship,2000,36014,41978
9209972,TEMIRO,Oil Products Tanker,2000,28522,47044
9211999,SOFIA,Crude Oil Tanker,2000,62569,113424
9212008,VICTORIA,Crude Oil Tanker,2000,62569,113424
9212400,ELPIS,Chemical/Oil Products Tanker,2000,23820,35775
9212759,OLYM,Crude Oil Tanker,2001,83724,160383
9212888,M.T HEDY,Crude Oil Tanker,2002,160930,299242
9212890,HALTI,Crude Oil Tanker,2002,160930,299261
9212905,HAPPINESS I,Crude Oil Tanker,2003,160930,299214
9212917,HASNA,Crude Oil Tanker,2003,160930,299229
9212929,HENNA,Crude Oil Tanker,2003,160930,299242
9213296,ELESO,Crude Oil Tanker,2001,62385,112056
9213313,ALBEDO,Crude Oil Tanker,2001,62385,112118
9215098,MYRI JOY,Chemical/Oil Products Tanker,2000,28410,45999
9215103,MAOMING,Chemical/Oil Products Tanker,2001,28381,45999
9216298,ARCTIC VOSTOK,LNG Tanker,2002,114354,79885
9216547,EQUALITY,Oil Products Tanker,2001,39085,68467
9216559,VENTURA,Oil Products Tanker,2001,39085,68467
9216717,ELIZABET,Crude Oil Tanker,2000,156758,306085
9217979,FAIR TRADER,FSO,2001,157883,309327
9218181,ATLANTIS MZ,Crude Oil Tanker,2000,41841,70514
9218454,DEVON,Crude Oil Tanker,2002,160576,296803
9218466,DOVER,Crude Oil Tanker,2003,160576,296977
9218478,DIAMOND II,Crude Oil Tanker,2003,160576,296977
9218480,DOWNY,Crude Oil Tanker,2004,160576,296977
9218492,DEEP SEA,Crude Oil Tanker,2004,160576,296977
9219056,REX 1,Crude Oil Tanker,2001,82250,164626
9220639,BALTIC LEADER,Ro-Ro Cargo Ship,2000,8831,7195
9220641,LADY MARIIA,Ro-Ro Cargo Ship,2000,8831,7184
9220914,BONETTA,Chemical/Oil Products Tanker,2001,25063,42721
9220938,MODESTE,Chemical/Oil Products Tanker,2001,25063,42721
9220940,SANDS,Chemical/Oil Products Tanker,2001,25063,42721
9220952,QUINN,Crude Oil Tanker,2001,159990,303115
9221267,GLOBAL BEAUTY,chemical/oil tanker,2001,9980,14796
9221657,BLUEFINS,oil tanker,2001,39085,68467
9221671,ESTEGHLAL,Crude Oil Tanker,2000,28539,47052
9221970,SOBAR,Crude Oil Tanker,2001,83723,160183
9222443,VOY,Crude Oil Tanker,2000,152139,281050
9222560,CHEETAH-II,Crude Oil Tanker,2000,28534,47131
9222649,ALSAFA,Oil Products Tanker,2001,28553,47087
9222699,SANTA ANA,Oil Products Tanker,2000,28133,45858
9222704,LIVIA,Oil Products Tanker,2000,28077,45869
9223540,RAINE,LPG Tanker,2001,44694,49995
9223722,CRYSTAL,Chemical/Oil Products Tanker,2001,27955,45290
9224271,NICHOLA,Crude Oil Tanker,2002,81310,160288
9224283,NEER 1,Crude Oil Tanker,2002,81310,149993
9224295,OCTANS,Crude Oil Tanker,2001,160100,309371
9224465,OLAF 1,Crude Oil Tanker,2002,81085,159184
9224570,SEA WISE,Oil Products Tanker,2001,28539,47065
9224805,OXIS,Crude Oil Tanker,2001,154348,305870
9225342,QUANTUM STAR,LPG Tanker,2001,46021,49999
9226009,YONG CHANG SHUN HANG,Chemical/Oil Products Tanker,2002,12814,19819
9226011,SINCERE 02,Oil Products Tanker,2001,28522,47084
9226968,SARAK,Crude Oil Tanker,2001,83616,159885
9227443,ARLAN,Crude Oil Tanker,2002,84598,164262
9229025,TALIA,Chemical/Oil Products Tanker,2001,7093,12681
9229362,ATLANTIS I,Crude Oil Tanker,2002,57301,105541
9229374,ODUNE,Crude Oil Tanker,2002,84586,164286
9229439,CERES I,Crude Oil Tanker,2001,160229,299999
9230098,JAMAICA,Crude Oil Tanker,2001,59693,105946
9230426,FLORA B,Oil Products Tanker,2001,23232,37263
9230878,SA CAPRICORN,FSO,2002,161233,306999
9230880,BELLA 1,Crude Oil Tanker,2002,161233,318518
9230907,MOONBAY,Crude Oil Tanker,2002,161135,319430
9230971,SKADI,Crude Oil Tanker,2001,56346,105344
9231212,XANTHOS EOS,Crude Oil Tanker,2002,62247,112661
9231224,RUDRA,Crude Oil Tanker,2002,62247,112679
9231509,CHIOS,Crude Oil Tanker,2002,81085,159314
9231511,YONG TAI,Oil Products Tanker,2002,43075,72910
9231901,PING SHUN,Crude Oil Tanker,2002,62247,112668
9232022,VT QUEEN,Chemical/Oil Products Tanker,2002,25085,40166
9232034,SEAFAITH,Chemical/Oil Products Tanker,2002,25063,40165
9232369,NYMPH THETIS,Chemical/Oil Products Tanker,2000,9797,17427
9232448,HALO 6,Crude Oil Tanker,2002,57062,106149
9232450,FAUSTA,Crude Oil Tanker,2002,57062,106106
9232620,PIONEER SAM,Crude Oil Tanker,2002,40343,69629
9232876,VERNON,Crude Oil Tanker,2003,57171,106074
9232888,AILAMA,Crude Oil Tanker,2003,57171,106074
9232929,MAISHA,Crude Oil Tanker,2002,81270,159453
9232931,NARCISSUS,Crude Oil Tanker,2003,81270,159367
9232955,TERNHAV,Chemical/Oil Products Tanker,2002,9980,14796
9233208,ANNA,Crude Oil Tanker,2002,62247,112664
9233222,DAHAB,Crude Oil Tanker,2002,84586,164445
9233234,ELOISE,Crude Oil Tanker,2002,57508,105709
9233272,SA HORIZON,FSO,2001,159456,298412
9233349,PRIYA,Crude Oil Tanker,2000,56291,106129
9233650,UTOPIA QUEST,Crude Oil Tanker,2002,157003,305795
9233739,VETER,Crude Oil Tanker,2002,160100,309287
9233741,MITZEL,Crude Oil Tanker,2003,81236,159999
9233753,ATILA,Crude Oil Tanker,2002,160904,309064
9233765,PAZ,Crude Oil Tanker,2003,81310,159999
9233973,NEBULA DRIFT,Oil Products Tanker,2002,27969,45763
9234501,STABILIS I,Chemical/Oil Products Tanker,2002,30770,45467
9234616,PULMONIS,Chemical/Oil Products Tanker,2002,16914,23998
9234642,KOALA,Crude Oil Tanker,2003,84598,164533
9234666,ADELINE G,Crude Oil Tanker,2003,161233,317972
9235244,BALU,FSO,2001,159016,305704
9235268,SA EUROPE,FSO,2002,234006,441561
9235464,PK MARIT,Chemical/Oil Products Tanker,2001,15016,22820
9235476,SUNNY 7 30,Chemical/Oil Products Tanker,2001,15042,22780
9235713,EVELINA,Crude Oil Tanker,2003,57022,105109
9235725,DESERT KITE,Crude Oil Tanker,2003,57022,105166
9235737,COBA,Crude Oil Tanker,2002,161135,319360
9236004,KAIROS,Crude Oil Tanker,2002,78845,149989
9236016,VISION,Crude Oil Tanker,2003,78845,149994
9236248,FENGHUANG,Crude Oil Tanker,2002,59693,105851
9236250,MT VIRGO,Crude Oil Tanker,2002,154348,305796
9236353,BLUE,Crude Oil Tanker,2003,84789,165293
9236640,ONYX,Chemical/Oil Products Tanker,2003,29998,46159
9236731,KURDOS,Chemical/Oil Products Tanker,2001,23217,37345
9236755,MACKEREL GA,Oil Products Tanker,2002,23241,39443
9237228,SOMA,Crude Oil Tanker,2002,56204,105579
9237412,HANSON,Crude Oil Tanker,2004,58374,105010
9237539,NORA,Crude Oil Tanker,2002,159477,298414
9237618,STAR LINE,Crude Oil Tanker,2003,57508,105716
9237620,ITG AMOY,FSO,2003,160889,318778
9237632,STAR FOREST,Crude Oil Tanker,2003,160889,318692
9237797,TIMA,Crude Oil Tanker,2003,164292,316507
9238052,FREYA,Crude Oil Tanker,2002,59719,105656
9238868,MACHO QUEEN,Crude Oil Tanker,2003,160083,309270
9239977,LOANNA,Chemical/Oil Products Tanker,2003,26914,46764
9240407,PRINCESS SOFIA,Crude Oil Tanker,2003,57190,105857
9240419,GAS ENDURANCE,LPG Tanker,2003,46907,54999
9240512,CARINA,Crude Oil Tanker,2003,153911,306314
9240885,LONGEVITY 7,Chemical/Oil Products Tanker,2002,30128,46362
9240914,CHEM,Chemical/Oil Products Tanker,2000,5998,10280
9241114,VITA I,Crude Oil Tanker,2003,161306,319175
9242118,MARIGOLD,Crude Oil Tanker,2003,62254,113013
9242120,NYANTARA,Crude Oil Tanker,2003,62254,113033
9242223,ADONIA,Crude Oil Tanker,2003,59831,104707
9242481,CHINTAMANI,Oil Products Tanker,2002,23235,37296
9243148,ARCTIC METAGAZ,LNG Tanker,2003,93844,77551
9244374,GOODAL,Chemical/Oil Products Tanker,2001,9900,17396
9244623,HARMONY STAR,FSO,2002,160072,300373
9244635,AMAK,Crude Oil Tanker,2002,160084,300405
9244867,A JEWEL,FSO,2002,159016,305178
9245782,FIRENZE K,Crude Oil Tanker,2003,156914,299145
9245794,LATTAFA,Crude Oil Tanker,2003,159709,298330
9246279,ANABEL,Crude Oil Tanker,2002,154369,299997
9246281,GATHER VIEW,Crude Oil Tanker,2002,154338,300838
9246449,GREEN LAND,Chemical/Oil Products Tanker,2002,29998,46136
9246463,FUXI,Chemical/Oil Products Tanker,2003,29998,46157
9246633,SA OCEANIA,FSO,2003,234006,441585
9246798,GOLDEN GLORY,Chemical/Oil Products Tanker,2002,30128,46349
9246803,SWIFT FALCON,Chemical/Oil Products Tanker,2002,30128,46308
9247065,OLIVIA,Chemical/Oil Products Tanker,2003,29576,46286
9247376,MARIEL,Crude Oil Tanker,2002,83616,159924
9247388,ABROS,Chemical/Oil Products Tanker,2004,16901,24086
9247390,TORNADO A,Crude Oil Tanker,2003,56346,105411
9247429,INDRI,Crude Oil Tanker,2003,79668,151848
9247431,REGAL I,Crude Oil Tanker,2004,79668,151693
9247443,MAGNUS,Crude Oil Tanker,2003,63213,111920
9247778,IRIS,Crude Oil Tanker,2002,28539,47038
9247780,TAWANNA,Crude Oil Tanker,2003,57567,106500
9247792,CECILA,Crude Oil Tanker,2003,57567,106395
9247883,HATTI,Oil Products Tanker,2002,57326,105285
9247986,AVA 10,Crude Oil Tanker,2003,56225,105674
9248461,WAN HE,Chemical/Oil Products Tanker,2002,15148,24404
9248473,REBI,Crude Oil Tanker,2002,156916,299152
9248485,URANUS,crude oil tanker,2002,156916,299157
9248497,URI,Crude Oil Tanker,2002,156916,299164
9248796,IRON WAVE,Oil Products Tanker,2003,25287,39975
9248801,ASCENDANT,Oil Products Tanker,2003,25287,40039
9248813,ARINA,Crude Oil Tanker,2003,81463,159438
9248849,SILVERA,Crude Oil Tanker,2004,62371,115000
9249087,DRACO,Crude Oil Tanker,2005,84315,166447
9249128,SAKHALIN,Crude Oil Tanker,2004,58918,109295
9249130,PEACE,Crude Oil Tanker,2004,58918,109295
9249312,IZOLA,Crude Oil Tanker,2001,79574,149995
9249324,GLISTAR,Crude Oil Tanker,2001,79525,149995
9249685,ELISA,LPG Tanker,2001,4915,5782
9250505,GAS CATHAR,LPG Tanker,2001,5849,7124
9250531,ROZMARINE,Crude Oil Tanker,2004,57062,106290
9250543,INVICTA,Crude Oil Tanker,2004,57062,106162
9250892,MIKATI,Crude Oil Tanker,2003,58166,107092
9250907,FUYAO,Crude Oil Tanker,2003,58166,107123
9251274,CRIUS,Crude Oil Tanker,2003,60381,104964
9251456,BOLTARIS,Chemical/Oil Products Tanker,2003,25530,38875
9251640,SEABAS,Oil Products Tanker,2001,21353,32445
9251664,ECO PRIDE 1,Oil Products Tanker,2002,21353,32580
9251810,BLUEBELL,Crude Oil Tanker,2002,57567,106500
9251822,AQUARIS,Crude Oil Tanker,2003,57567,106500
9251951,HAIHUN,Crude Oil Tanker,2002,154283,301045
9252072,TRIMA,Chemical/Oil Products Tanker,2002,27335,47355
9252371,MT KIROHO,Crude Oil Tanker,2003,57171,105995
9252400,SEAL,Oil Products Tanker,2002,28553,47045
9252436,CALLISTO,Chemical/Oil Products Tanker,2003,27512,47136
9252955,BRIONT,Crude Oil Tanker,2003,41913,71498
9253076,REUS,Crude Oil Tanker,2003,58166,107123
9253117,ANSHUN II,Crude Oil Tanker,2003,158993,298717
9253234,SATNA,Chemical/Oil Products Tanker,2003,23217,39575
9253313,MATARI,Crude Oil Tanker,2003,58405,105666
9253325,ROSALIN,Crude Oil Tanker,2004,57680,105651
9253894,DESTAMAR,Crude Oil Tanker,2002,79525,149991
9253909,JAMES II,Crude Oil Tanker,2002,79525,149995
9254082,LIMAS,Crude Oil Tanker,2003,160889,318695
9254422,MIRAGE,Chemical/Oil Products Tanker,2002,11850,18008
9254915,SCALER,Crude Oil Tanker,2004,57683,106449
9255244,WHITE CONDOR I,Oil Products Tanker,2003,28517,47047
9255270,NP DIKSON,Chemical/Oil Products Tanker,2004,15980,25049
9255488,SEAHAKER,Oil Products Tanker,2003,21329,32464
9255660,SERENA,Crude Oil Tanker,2004,57301,105330
9255672,LEBRE,Crude Oil Tanker,2004,57301,105330
9255684,FIORA,Crude Oil Tanker,2004,57301,105330
9255830,SEA MARINE 1,Oil Products Tanker,2003,25561,37463
9255880,PHENIX VI,Crude Oil Tanker,2002,59719,105588
9255933,OCEAN KOI,Crude Oil Tanker,2004,41589,72768
9255945,DIANA,Crude Oil Tanker,2004,41596,72736
9256016,B LUMINOSA,Oil Products Tanker,2003,39085,68467
9256028,SEGINUS,Oil Products Tanker,2003,39085,68439
9256054,NEVSKIY PROSPECT,Crude Oil Tanker,2003,62586,114597
9256066,LIGOVSKY PROSPECT,Crude Oil Tanker,2003,62586,114639
9256078,LITEYNY PROSPECT,Crude Oil Tanker,2003,62586,114546
9256468,GAGAN,Crude Oil Tanker,2003,58088,104864
9256602,SPUTNIK ENERGY,LNG Tanker,2005,93786,77712
9256858,INDA,Crude Oil Tanker,2003,61991,115418
9256860,VERONICA,Crude Oil Tanker,2003,61991,115527
9256913,ELMO,Chemical/Oil Products Tanker,2003,27829,47880
9256975,KONGM,Crude Oil Tanker,2003,160247,314000
9256987,STAR TWINKLE 6,Crude Oil Tanker,2004,160247,314000
9257010,SHAURYA 2,Crude Oil Tanker,2003,56172,105672
9257022,BOSCA,Crude Oil Tanker,2003,56172,105745
9257137,MIN HANG,Crude Oil Tanker,2003,82982,158553
9257149,NESO,Crude Oil Tanker,2004,153970,306229
9257503,ATLANTIS II,Crude Oil Tanker,2003,40037,73004
9257711,LISBOA,Chemical/Oil Products Tanker,2003,29188,46757
9257802,FURIA,Crude Oil Tanker,2002,58166,104996
9257814,TOREX,Crude Oil Tanker,2003,58127,107081
9257993,AMELL,Crude Oil Tanker,2003,62395,115707
9258002,KAZAN,Crude Oil Tanker,2003,62395,115727
9258026,EDERRA,Oil Products Tanker,2003,28529,47149
9258167,AKAR WEST,Crude Oil Tanker,2003,27725,47199
9258521,LAUREN II,Crude Oil Tanker,2004,159087,298564
9258595,FLORA DOLCE,Chemical/Oil Products Tanker,2004,27819,47288
9258674,AQUALIS,Oil Products Tanker,2003,27627,46349
9258868,NOCTIS,Crude Oil Tanker,2003,63661,114809
9258870,UMA,Crude Oil Tanker,2003,63661,114761
9258882,CARCHARODON,Crude Oil Tanker,2003,63661,114809
9259185,DAKSHA,Crude Oil Tanker,2002,57979,107144
9259197,SKYLYN,Crude Oil Tanker,2003,57979,107127
9259355,BREEZE V,Crude Oil Tanker,2003,160079,301013
9259367,LENORE,Crude Oil Tanker,2004,160062,300976
9259599,LAURYN,Crude Oil Tanker,2003,56204,105611
9259692,LOURDES,Crude Oil Tanker,2002,50199,84999
9259733,YI TONG,Crude Oil Tanker,2004,84855,159149
9259745,TAURUS,Crude Oil Tanker,2004,84855,159549
9259898,MORALITY,Chemical/Oil Products Tanker,2003,29982,49474
9259991,PERIDOT,Chemical/Oil Products Tanker,2003,23246,37300
9260055,GARUDA,Chemical/Oil Products Tanker,2003,25108,40225
9260067,VISION,Chemical/Oil Products Tanker,2003,25108,40271
9260275,KATRAN,Chemical/Oil Products Tanker,2004,25127,40246
9260366,NAVIS,LPG Tanker,2002,5286,6017
9260823,FIESTA,Crude Oil Tanker,2004,59574,110673
9261619,HANNAH,Crude Oil Tanker,2003,57314,105869
9261657,C VIKING,Chemical/Oil Products Tanker,2004,25443,40059
9262156,VIGOR,Crude Oil Tanker,2004,160058,299984
9262168,BERG 1,Crude Oil Tanker,2004,159929,299984
9262584,SEA HORSE,Chemical/Oil Products Tanker,2002,15724,27186
9262754,ATILA,Crude Oil Tanker,2003,159960,300667
9262766,FIONA II,Crude Oil Tanker,2003,159912,300727
9262912,AUROURA,Oil Products Tanker,2004,28799,47999
9262924,UTAKI,Crude Oil Tanker,2002,56573,109189
9263186,SOUTH STAR,Chemical/Oil Products Tanker,2004,22531,39817
9263198,NORDIMAR GALE,Chemical/Oil Products Tanker,2004,22531,40014
9263203,SOUL,Chemical/Oil Products Tanker,2004,22533,40002
9263215,BIG MAG,Crude Oil Tanker,2002,159730,298833
9263227,COVENIO,Crude Oil Tanker,2003,159730,299079
9263382,REEF,Chemical/Oil Products Tanker,2003,11377,18736
9263643,FRUNZE,Crude Oil Tanker,2003,56285,105483
9263693,SINO STAR,Chemical/Oil Products Tanker,2003,30056,46219
9264570,NAYARA,Crude Oil Tanker,2002,56358,105965
9264881,VANI,Crude Oil Tanker,2004,160123,300544
9264893,SCORPIUS,Crude Oil Tanker,2003,159960,300610
9265744,RESTON,Crude Oil Tanker,2003,61991,115482
9265756,OASIS,Crude Oil Tanker,2005,61991,115583
9265885,SEA MAVERICK,Chemical/Oil Products Tanker,2004,30036,46195
9266475,MT SAURI,Oil Products Tanker,2003,28059,46013
9266750,SEAHORSE,Crude Oil Tanker,2004,39307,70426
9266853,NEW POWER,Crude Oil Tanker,2004,58070,106085
9266865,BIVOLA,Crude Oil Tanker,2004,58070,106070
9266877,PIERRE,Crude Oil Tanker,2004,58070,106021
9267132,BOCEANICA,Oil Products Tanker,2004,42058,71864
9267948,MT OCEAN GUARDIAN,Oil Products Tanker,2003,28144,46101
9268112,OLIA,Crude Oil Tanker,2003,57664,106360
9270517,CINDY,Crude Oil Tanker,2003,62395,115605
9270529,KRYMSK,Crude Oil Tanker,2003,62395,115663
9270646,SHIBA,Container Ship,2010,23289,30239
9270658,SHAMIM,Container Ship,2004,23285,30145
9270696,KASHAN,Container Ship,2016,23285,29870
9270749,BELA,Crude Oil Tanker,2004,28799,47999
9271327,VIEW,Crude Oil Tanker,2003,56477,105845
9271406,MT LBS,Crude Oil Tanker,2003,56477,105817
9271585,PRUDENCE,Crude Oil Tanker,2004,78896,150581
9271951,MOCHA,Oil Products Tanker,2004,28114,45840
9272694,POLARIS 1,Chemical/Oil Products Tanker,2005,28131,45694
9273052,SOUFIA 1,Crude Oil Tanker,2003,56365,105850
9273337,TIFANI,Crude Oil Tanker,2003,156967,299999
9273387,ASTRA,Chemical/Oil Products Tanker,2003,20033,32363
9273442,BLUE EMBER,Oil Products Tanker,2004,41503,72652
9274331,SAN DAMIAN,General Cargo Ship,2004,9611,12716
9274434,SHANGRI LA,Crude Oil Tanker,2003,81328,159049
9274446,SORION,Crude Oil Tanker,2004,81328,159083
9274563,AURA,LPG Tanker,2003,45801,53395
9274616,DEIMOS,Crude Oil Tanker,2004,62877,114500
9274800,ASTRAL,Crude Oil Tanker,2004,62877,114500
9275658,PURDUE STELLAR,Crude Oil Tanker,2004,42187,70681
9275660,ROC,Crude Oil Tanker,2004,42172,70616
9275763,BLAGE,Oil Products Tanker,2004,42307,70313
9275983,ROSE 25,Oil Products Tanker,2003,28822,44998
9275995,STARLIGHT,Oil Products Tanker,2003,28822,47994
9276028,PEGASUS,Chemical/Oil Products Tanker,2004,29327,46654
9276030,ECHO,Chemical/Oil Products Tanker,2004,29327,46655
9276561,PETRA,Crude Oil Tanker,2004,58156,103643
9276573,FABULE,Crude Oil Tanker,2004,58156,103622
9276585,YFABULOUS,Crude Oil Tanker,2004,58156,103560
9277723,NEWFUSION,Oil Products Tanker,2004,42457,74999
9277735,ROSALIND,Oil Products Tanker,2004,42432,74999
9277747,ELISE,Oil Products Tanker,2004,42447,74999
9277759,LARK,Oil Products Tanker,2004,42432,74999
9277761,STELLANN,Oil Products Tanker,2004,42432,74999
9277773,HAPPY CAMPER,Oil Products Tanker,2004,42432,74999
9277797,INTERSTELLAR,Oil Products Tanker,2004,42474,74999
9278064,SOFOS,Chemical/Oil Products Tanker,2004,30095,51319
9278519,RARITY,Chemical/Oil Products Tanker,2004,30070,45967
9280366,DING XIANG,Crude Oil Tanker,2004,38833,71024
9280873,FURY,Crude Oil Tanker,2004,80620,159116
9280885,APUS,Crude Oil Tanker,2004,80620,159055
9281009,KAI FU,Crude Oil Tanker,2004,62845,115048
9281011,DIANCHI,Crude Oil Tanker,2004,62845,115048
9281152,AQUILA II,Crude Oil Tanker,2004,80620,159073
9281554,LOUIZA,Chemical/Oil Products Tanker,2004,27234,45557
9281566,SEASHELL,Chemical/Oil Products Tanker,2005,27207,45592
9281683,MEDNA,Crude Oil Tanker,2005,149274,281396
9281695,ALICIA,Crude Oil Tanker,2005,149274,281396
9281891,MEROPE,Crude Oil Tanker,2003,58100,107198
9282041,ABHRA,Crude Oil Tanker,2004,62929,115392
9282106,KANTI,LPG Tanker,2004,47279,53194
9282443,BUENO,oil tanker,2005,42058,71818
9282479,OLINA,Crude Oil Tanker,2005,63797,114809
9282481,TAGOR,Crude Oil Tanker,2005,63797,114809
9282493,ASTERI,Crude Oil Tanker,2005,63598,113782
9282522,KUSH,Oil Products Tanker,2004,28245,46866
9282792,AQUA LIVE,Crude Oil Tanker,2004,59781,105306
9282986,ATLANTICOS,Chemical/Oil Products Tanker,2004,23271,37106
9283019,AZARGOUN,Container Ship,2003,25391,33850
9283241,DIGNITY,Crude Oil Tanker,2004,83594,159426
9283289,DUSK,Crude Oil Tanker,2005,61724,109181
9283291,TIBURON,Crude Oil Tanker,2005,61724,109571
9283306,FINA A,Crude Oil Tanker,2004,62002,109637
9283746,FORTUNE,Oil Products Tanker,2004,25214,35155
9283758,FAXON,Chemical/Oil Products Tanker,2004,25214,35155
9283760,FOREST,Chemical/Oil Products Tanker,2004,25214,35124
9283801,NOVA,Crude Oil Tanker,2004,160271,299868
9284116,SHAH ISMAYIL KHATAI,Oil Products Tanker,2005,7833,13470
9284154,ARTAM,Container Ship,2004,27681,37875
9284582,PANDA,Crude Oil Tanker,2004,58194,105194
9284594,OCEAN RIVER,Crude Oil Tanker,2004,58194,105174
9284726,BONIFACY,Oil Products Tanker,2004,28059,45898
9285744,NIL308,Chemical/Oil Products Tanker,2004,29335,46803
9285756,BILI,Chemical/Oil Products Tanker,2004,29335,46803
9285835,SEA FIDELITY,Crude Oil Tanker,2005,62806,115341
9285847,SIRIUS 1,Crude Oil Tanker,2005,62806,115340
9285859,EASTERN PEARL,Crude Oil Tanker,2006,62806,115341
9286023,NEXT,Crude Oil Tanker,2004,41526,72515
9286073,RCELEBRA,Crude Oil Tanker,2005,161379,308829
9286229,RIEVERIA I,Crude Oil Tanker,2004,81074,159106
9286281,SAMADHA,Crude Oil Tanker,2004,81074,159100
9286463,OLANGA,Oil Products Tanker,2004,1875,2813
9286657,LOKOSAO,Crude Oil Tanker,2005,78845,149993
9288019,MARINE SPIRIT,Crude Oil Tanker,2005,38842,71055
9288095,LAN JING,Crude Oil Tanker,2005,156973,298972
9288265,TWENTY ONE,Crude Oil Tanker,2005,42172,70675
9288277,PVT IRIS,Oil Products Tanker,2004,28059,45888
9288382,ASPHALT HONOR,Bitumen Tanker,2004,27284,46178
9288693,CONICO ATLAS,crude oil tanker,2004,62320,111013
9288708,AURO,crude oil tanker,2005,62320,111006
9288710,MELITE,Crude Oil Tanker,2005,62320,111009
9288722,BRAVE DISCOVERER,Crude Oil Tanker,2005,62320,111004
9288734,ARABESCA,Crude Oil Tanker,2005,57296,105042
9288746,MARATHON,Crude Oil Tanker,2005,57296,105042
9288758,YONGAN OCEAN,Chemical/Oil Products Tanker,2004,29335,46803
9288851,GRINCH,Crude Oil Tanker,2004,62965,115635
9288863,VALENTE,Crude Oil Tanker,2004,62796,115639
9288875,YUG,Crude Oil Tanker,2005,160869,320472
9288899,LORENA GRAND,Crude Oil Tanker,2005,83594,159342
9288930,PACIFICOS,Chemical/Oil Products Tanker,2004,23271,37178
9289166,ESPERANZA,Crude Oil Tanker,2005,35711,61328
9289477,M SOPHIA,Crude Oil Tanker,2004,161789,320051
9289491,BELMA,Crude Oil Tanker,2005,161387,299988
9289520,N CERNA,chemical/oil tanker,2005,30053,53106
9289726,MADESTAR,Crude Oil Tanker,2005,161632,319180
9289738,GENJI,Oil Products Tanker,2005,30074,46994
9289752,SAVITRI,Oil Products Tanker,2005,42877,73788
9289776,MAISAN,Oil Products Tanker,2005,42877,73741
9290270,TARA GAS,LPG Tanker,2005,46632,53208
9290309,HULDA,Crude Oil Tanker,2004,57226,105941
9290323,LADY LOUISE,Crude Oil Tanker,2004,81074,159092
9290335,AYSEN,Crude Oil Tanker,2004,81074,159081
9290517,VAYU 1,Chemical/Oil Products Tanker,2005,23240,40000
9290775,GLOBAL HARVEST,Crude Oil Tanker,2004,161233,318306
9290828,DORIN,Oil Products Tanker,2005,23298,37252
9290919,VICTORY ARI,Chemical/Oil Products Tanker,2005,30020,47120
9290921,BEAST,Chemical/Oil Products Tanker,2005,30030,47120
9291250,CORTEX,Crude Oil Tanker,2005,62877,114880
9292034,TOPAZ,Crude Oil Tanker,2004,27725,47199
9292058,TANGO,Oil Products Tanker,2006,27725,46697
9292060,TALISMAN,Oil Products Tanker,2006,27725,46697
9292163,BERTHA,Crude Oil Tanker,2004,157537,305442
9292204,ANDROMEDA,Crude Oil Tanker,2005,57177,105926
9292228,CRYSTAL ROSE,Crude Oil Tanker,2004,156873,305318
9292486,SELENA,Crude Oil Tanker,2005,160046,306999
9292503,TORERO M,Crude Oil Tanker,2005,62929,115515
9292577,NEXUS,Crude Oil Tanker,2005,30971,50375
9292589,TEAM,Crude Oil Tanker,2005,30971,50346
9292838,LISTIGA,Crude Oil Tanker,2005,32144,49000
9292981,NOBLE WALKER,Crude Oil Tanker,2004,58194,105274
9293002,BLINT,Crude Oil Tanker,2005,58418,105034
9293117,SUN,Crude Oil Tanker,2005,81076,159186
9293143,TITAN,Crude Oil Tanker,2005,81076,159195
9293155,BENEDICT,Crude Oil Tanker,2005,57164,106062
9293741,TITAN,Crude Oil Tanker,2003,159730,299097
9293959,FOTUO,Oil Products Tanker,2006,25431,40158
9294240,GALE,Crude Oil Tanker,2005,160533,311620
9294290,KIRIN STAR,Crude Oil Tanker,2004,159875,306352
9294331,LILY,Crude Oil Tanker,2005,160296,311110
9294678,GOLDEN CONVERGENCE,Oil Products Tanker,2005,43075,72910
9294795,BRAVO 1,Chemical/Oil Products Tanker,2004,8259,14298
9295098,PETION,Oil Products Tanker,2006,41503,72714
9295270,PETREL 1,Chemical/Oil Products Tanker,2006,29646,45948
9295282,BEGONIA 1,Chemical/Oil Products Tanker,2006,29646,45958
9295593,STELLA,Crude Oil Tanker,2004,159903,306206
9296391,PETA LUMINA,Crude Oil Tanker,2006,77636,146427
9296406,RIGEL,Crude Oil Tanker,2006,77636,146270
9296585,M.T. BANDRA,Oil Products Tanker,2005,28059,45896
9296810,NAVISTAR,Crude Oil Tanker,2005,56163,106488
9296822,SAGITTA,Crude Oil Tanker,2005,56163,106433
9297319,CORA,Crude Oil Tanker,2005,161379,308829
9297357,YANHU,Crude Oil Tanker,2006,63462,113553
9297371,DIVA 1,Crude Oil Tanker,2006,63462,113553
9297553,MONTE 1,Crude Oil Tanker,2006,57711,108402
9297888,WALRUS,Crude Oil Tanker,2006,84601,163288
9298272,VALENTE,Crude Oil Tanker,2005,41994,73901
9298296,ORA,Crude Oil Tanker,2005,41994,73911
9298492,TOA PAYOH,Chemical/Oil Products Tanker,2005,30083,50922
9298595,DORRY,Chemical/Oil Products Tanker,2005,13685,21600
9299123,SOFIA K,Oil Products Tanker,2005,36106,65125
9299161,KORD ATLANTIC,Chemical/Oil Products Tanker,2004,4730,6976
9299173,VELES,Chemical/Oil Products Tanker,2004,4730,7087
9299666,DASHAN,Crude Oil Tanker,2005,85431,164608
9299678,PRISMA,Crude Oil Tanker,2005,85431,164565
9299680,CANGJIE,Crude Oil Tanker,2005,57248,109841
9299692,CELT,Crude Oil Tanker,2005,57248,109919
9299707,GUANYIN,Crude Oil Tanker,2005,57248,109857
9299719,OTLA,Crude Oil Tanker,2005,57248,110043
9299721,LEONA,Crude Oil Tanker,2006,57243,106004
9299733,NAGARJUNA,Crude Oil Tanker,2006,57243,106005
9299745,APUS,Oil Products Tanker,2006,57451,106007
9299769,AQUATICA,Crude Oil Tanker,2005,57243,106061
9299771,MIRES,Crude Oil Tanker,2005,57243,106094
9299862,AMATRA,Oil Products Tanker,2006,23257,37332
9299874,VIREL,Chemical/Oil Products Tanker,2005,29646,45998
9299886,WALL,Chemical/Oil Products Tanker,2005,29646,45956
9299898,TURBO VOYAGER,Crude Oil Tanker,2005,62477,111775
9299903,DEYNA,Crude Oil Tanker,2005,62477,111808
9300348,SANAR-10,Oil Products Tanker,2004,4378,5600
9300350,SANAR-9,Oil Products Tanker,2005,4378,5600
9300996,WORLD PROGRESS,Chemical/Oil Products Tanker,2005,30104,51303
9301005,WORLD PERFORMANCE,Chemical/Oil Products Tanker,2005,30104,51303
9301380,PAVEL CHERNYSH,Crude Oil Tanker,2005,60434,101978
9301392,KAPITAN KOSTICHEV,Crude Oil Tanker,2005,60434,101930
9301407,VIKTOR TITOV,Crude Oil Tanker,2005,60434,101906
9301419,YURI SENKEVICH,Crude Oil Tanker,2005,60434,101876
9301421,VICTOR KONETSKY,Crude Oil Tanker,2005,60434,102025
9301524,DENEB,Crude Oil Tanker,2006,81380,158843
9301615,SARA II,Chemical/Oil Products Tanker,2004,2097,1504
9302023,MS MELENIA,Crude Oil Tanker,2005,160007,299998
9304356,YODAN,Crude Oil Tanker,2005,56489,105747
9304629,CHENG HE,crude oil tanker,2007,83722,159395
9304655,VERA,Crude Oil Tanker,2004,160068,310389
9304667,SKIPPER,crude oil tanker,2005,160098,310309
9304825,JALDHARA,Crude Oil Tanker,2006,60208,109266
9305192,AMINA,Bulk Carrier,2005,40166,73664
9305221,ARTIN,Bulk Carrier,2006,40166,73664
9305568,BREEZE,Crude Oil Tanker,2005,65293,117153
9305609,ANIKA,Crude Oil Tanker,2006,66919,117055
9306457,ANNABEL,chemical/oil tanker,2005,27505,46746
9306548,ETNA,LPG Tanker,2006,46632,53151
9306562,RHEIN,Crude Oil Tanker,2005,40038,69523
9306627,WU TONG,Crude Oil Tanker,2007,61724,109672
9306665,PRELUDE,Oil Products Tanker,2005,22184,34603
9306782,KARELIYA,Crude Oil Tanker,2006,57248,109989
9306794,CONSTELLATION,Crude Oil Tanker,2006,57248,109987
9306809,CC INNOVATOR,Chemical/Oil Products Tanker,2006,29646,45963
9307633,PRELUDE,Crude Oil Tanker,2005,163904,309373
9307736,NV AQUAMARINE,LPG Tanker,2006,48772,54490
9307748,GAS MARTA,LPG Tanker,2006,48772,54533
9307815,FLORA 1,Chemical/Oil Products Tanker,2005,30053,50921
9307932,TONIL,Crude Oil Tanker,2007,42010,73980
9308065,EVENTIN,Crude Oil Tanker,2006,82647,152013
9308132,TEMPEST DREAM,Crude Oil Tanker,2006,30965,49911
9308170,ESTELLA,Crude Oil Tanker,2007,30965,50314
9308443,INA,Crude Oil Tanker,2006,61955,110270
9308766,PARIMAL,Chemical/Oil Products Tanker,2005,8351,12887
9308778,AMIL,Oil Products Tanker,2004,28799,47999
9308821,BERRA,Crude Oil Tanker,2005,58678,105188
9308833,KUSTO,Crude Oil Tanker,2005,58667,105047
9308857,RYMO,Crude Oil Tanker,2006,58418,104955
9308950,SEASONS I,Crude Oil Tanker,2006,61724,109647
9309227,ELIAH,Chemical/Oil Products Tanker,2006,17757,24853
9309239,OLGA,Chemical/Oil Products Tanker,2007,17757,24783
9309576,SAPPHIRE,Chemical/Oil Products Tanker,2005,27357,47197
9309588,SYMPHONY,Chemical/Oil Products Tanker,2005,27357,47197
9310147,NATALINA 7,Crude Oil Tanker,2006,161190,298971
9310159,CATALINA 7,Crude Oil Tanker,2007,161768,298923
9310525,QENDIL,Crude Oil Tanker,2006,61991,115338
9310707,AGATE,Oil Products Tanker,2005,28823,48658
9311270,MONIQUE,Crude Oil Tanker,2005,159953,306206
9311309,GLOBAL ANGEL,Oil Products Tanker,2003,7034,10000
9311531,LINDOR,Crude Oil Tanker,2005,56204,105522
9311622,VANGUARD,Crude Oil Tanker,2006,87146,162397
9312872,XD LEO,Crude Oil Tanker,2007,57325,105571
9312884,KEMEROVO,Crude Oil Tanker,2007,57248,109919
9312896,KRASNOYARSK,Crude Oil Tanker,2007,57248,109819
9313149,TASCA,Crude Oil Tanker,2007,160133,309985
9313151,TIAN DU FENG,Oil Products Tanker,2006,29588,45709
9313498,JACKLYN,Crude Oil Tanker,2008,57657,105773
9313589,SANAR-14,Oil Products Tanker,2004,4378,5600
9314088,LYRA,Crude Oil Tanker,2004,58136,107081
9314105,MAKALU,Crude Oil Tanker,2005,58217,107081
9314167,AGNI,Oil Products Tanker,2007,42684,73672
9314818,MILEY,Chemical/Oil Products Tanker,2006,23260,37273
9314882,RUNA,Chemical/Oil Products Tanker,2006,23325,39378
9314894,INDRAS,Chemical/Oil Products Tanker,2006,23325,39378
9315446,SPRING,Crude Oil Tanker,2005,61724,109570
9315654,SEA HONOR,Crude Oil Tanker,2005,83469,158706
9316127,VEGA,Crude Oil Tanker,2007,87146,163545
9316701,PROGRESS V,Crude Oil Tanker,2006,160292,313992
9317949,KARTHA,Crude Oil Tanker,2007,67032,116905
9318022,CHARMINAR,Chemical/Oil Products Tanker,2006,30053,50922
9318034,SARD,Chemical/Oil Products Tanker,2006,30053,50844
9318539,SWIFTSEA RIDER,Crude Oil Tanker,2007,84315,166188
9318541,SERENADE,Chemical/Oil Products Tanker,2006,27357,46941
9318553,SAGA,Chemical/Oil Products Tanker,2006,27357,46941
9319674,NIGHT GLORY,Crude Oil Tanker,2007,61724,109647
9319686,HU PO,Crude Oil Tanker,2008,61724,109650
9319703,SIRAJ,Crude Oil Tanker,2008,61853,109672
9319870,MAINI,Crude Oil Tanker,2007,62241,116104
9319882,ARYABHATA,Crude Oil Tanker,2007,62241,116093
9320843,KUN PENG,Crude Oil Tanker,2007,159939,300363
9321421,EMMA,Oil Products Tanker,2006,5617,8033
9321689,OCEAN FAYE,Crude Oil Tanker,2007,61653,114523
9321691,BARQ,Crude Oil Tanker,2006,81409,158889
9321706,LATUR,Crude Oil Tanker,2006,81409,158881
9321718,ZALE,Crude Oil Tanker,2006,81409,158920
9321847,AREIA,Crude Oil Tanker,2006,59158,115567
9321976,SYNDRA,Crude Oil Tanker,2007,56172,105495
9322267,SAHARA,Crude Oil Tanker,2007,158244,306431
9322827,PICTOR,Crude Oil Tanker,2006,61371,114849
9322839,AVRIL,Crude Oil Tanker,2006,61371,114896
9322956,PROSPERITY,Chemical/Oil Products Tanker,2006,25467,40119
9322968,HYPERION,Chemical/Oil Products Tanker,2006,25467,40161
9323338,BETTLE,Chemical/Oil Products Tanker,2006,30681,52679
9323376,MARABELLA SUN,Chemical/Oil Products Tanker,2007,30701,52648
9323974,MARBLE,Crude Oil Tanker,2006,56285,105445
9323986,GARASAN,Crude Oil Tanker,2007,56285,105547
9324277,NOVA ENERGY,LNG Tanker,2007,100253,85602
9325817,GOLDEN EAGLE II,Oil Products Tanker,2006,28059,45811
9326055,VERONICA III,Crude Oil Tanker,2006,156933,298522
9326718,FULGER,Crude Oil Tanker,2007,81380,158784
9326720,HERA,Crude Oil Tanker,2007,81380,158843
9326902,PK PHOENIX,Chemical/Oil Products Tanker,2007,26751,45947
9327360,ARIA,Chemical/Oil Products Tanker,2006,23356,37067
9327372,OCEAN AMBER,Oil Products Tanker,2006,23337,37105
9327413,KAROL,Chemical/Oil Products Tanker,2006,23290,37497
9328170,AETHER,Crude Oil Tanker,2007,63440,113849
9328716,SKYWAVE,Crude Oil Tanker,2005,159860,302481
9329655,PROXIMA,Chemical/Oil Products Tanker,2008,25467,40149
9329667,PACIFIC,Chemical/Oil Products Tanker,2008,25467,40119
9329760,EAGLES,Crude Oil Tanker,2006,42010,74035
9330020,SKYLIGHT,Chemical/Oil Products Tanker,2006,7687,11262
9330472,THORIN,Crude Oil Tanker,2007,55909,105374
9330599,LUMIN,Crude Oil Tanker,2006,58088,104866
9330604,NACHOS,Crude Oil Tanker,2007,58442,104611
9331141,KELLY GRACE,Crude Oil Tanker,2006,61348,114858
9331153,DELVINA,Crude Oil Tanker,2007,61348,114795
9332028,NIBLO,Chemical/Oil Products Tanker,2007,29278,47128
9332315,MISHELL,Chemical/Oil Products Tanker,2008,29266,49999
9332535,SEA V,Crude Oil Tanker,2007,160782,317788
9332781,AQUA TITAN,Crude Oil Tanker,2006,59158,115536
9332810,PUSHPA,Crude Oil Tanker,2007,59164,115577
9332822,NICHOLE,Crude Oil Tanker,2007,59164,115577
9332834,MYSTERY,Crude Oil Tanker,2007,59164,115577
9333400,NOBLE,Oil Products Tanker,2006,29902,47125
9333412,ENIGMA,Oil Products Tanker,2007,29844,47187
9333424,PHOENIX,Oil Products Tanker,2007,29844,47218
9333436,SUCCESS,Oil Products Tanker,2007,29844,47095
9333670,MIKHAIL ULYANOV,Crude Oil Tanker,2010,49866,69830
9333682,KIRILL LAVROV,Crude Oil Tanker,2010,49866,70053
9334557,BLUE TALU,Oil Products Tanker,2007,40865,73919
9335094,VARG,Chemical/Oil Products Tanker,2006,29490,46891
9336426,SELVA,Crude Oil Tanker,2007,57657,105827
9336490,MYRA,Oil Products Tanker,2006,41021,74999
9337133,IVY,Crude Oil Tanker,2007,157245,300325
9337195,SIREN II,Crude Oil Tanker,2008,156987,298078
9337327,WEST HORIZON,Chemical/Oil Products Tanker,2006,30105,50548
9337389,AGNI,Crude Oil Tanker,2007,56172,105641
9337901,RIMMA,Crude Oil Tanker,2006,59671,110802
9338905,PATE,Crude Oil Tanker,2007,61473,115754
9339301,LIPETSK,Crude Oil Tanker,2007,61449,115857
9339313,LADOGA,Crude Oil Tanker,2007,61449,115831
9339325,LEVEL,Crude Oil Tanker,2007,61449,115831
9339337,LEGACY,Crude Oil Tanker,2008,61449,115849
9340465,BIA,Chemical/Oil Products Tanker,2006,11587,19966
9341067,DF PEAK,Crude Oil Tanker,2006,57248,110119
9341079,CAMEL,Crude Oil Tanker,2006,57248,110066
9341081,CARMA,Crude Oil Tanker,2006,57248,109908
9341093,KOLOMNA,Crude Oil Tanker,2006,57248,109716
9341512,MT ELCANO,Chemical/Oil Products Tanker,2006,25507,38877
9342786,SUNSEA,Chemical/Oil Products Tanker,2007,11534,20809
9344033,TRIUMPH,Oil Products Tanker,2007,27725,46564
9345623,ELYTE,Oil Products Tanker,2008,56362,105852
9346720,KIRA K,Crude Oil Tanker,2007,61473,115878
9346732,TK SCORPIO,Crude Oil Tanker,2007,61342,115940
9346744,MA JIN,Crude Oil Tanker,2007,61342,115915
9346873,ELODIE I,Crude Oil Tanker,2008,59611,110295
9348479,LUCKY FAIRY,Crude Oil Tanker,2006,61473,115838
9349095,JIAN HANG TAI DA,Chemical/Oil Products Tanker,2010,8525,11974
9349291,ANASTASIIA,General Cargo Ship,2006,9611,12731
9349655,SNARTH,Chemical/Oil Products Tanker,2007,12105,20896
9350288,NV SUNSHINE,LPG Tanker,2007,48456,54975
9350422,ASTRA,LPG Tanker,2007,47194,54368
9350654,RUBY CROSS,Crude Oil Tanker,2007,61315,110503
9352195,SANDHYA,Chemical/Oil Products Tanker,2007,23304,37159
9353096,GURU,Chemical/Oil Products Tanker,2008,23353,37297
9353113,JUN MA,Oil Products Tanker,2008,23353,37321
9353125,ADHARA,Chemical/Oil Products Tanker,2008,23353,37296
9353905,EASTERN HERO,Chemical/Oil Products Tanker,2007,8473,13148
9354301,JAGGER,Crude Oil Tanker,2008,60178,106820
9354313,ZALIV AMURSKIY,Crude Oil Tanker,2008,60178,104542
9354521,ANHONA,Oil Products Tanker,2008,28060,45994
9354636,FLURA,Chemical/Oil Products Tanker,2005,4549,6526
9356593,DREAM II,Crude Oil Tanker,2008,164241,319988
9357183,HUGE,Crude Oil Tanker,2008,163660,317367
9357353,SEVIN,Crude Oil Tanker,2008,85462,164154
9357365,SONIA1,Crude Oil Tanker,2008,85462,164154
9357377,SALINA,Crude Oil Tanker,2009,85462,164154
9357389,HILDA 1,Crude Oil Tanker,2008,163660,317367
9357391,HELM,Crude Oil Tanker,2008,163660,317356
9357406,AMBER,Crude Oil Tanker,2008,163660,317356
9357717,DORE,Crude Oil Tanker,2009,164241,319999
9357729,DAN,Crude Oil Tanker,2009,164241,319999
9360128,ZALIV BAIKAL,Crude Oil Tanker,2009,60344,106808
9360130,ZALIV VOSTOK,Crude Oil Tanker,2009,60344,106590
9360398,Y L W,Bitumen Tanker,2007,5530,6012
9360415,INDUS 1,Oil Products Tanker,2007,22535,39981
9362059,HERBY,Crude Oil Tanker,2008,163660,317356
9362061,HAWK,Crude Oil Tanker,2008,163660,317367
9362073,HERO2,Crude Oil Tanker,2007,163650,317355
9363182,RAMYA,Chemical/Oil Products Tanker,2006,6522,9971
9363833,GOBY,Chemical/Oil Products Tanker,2008,11623,19994
9364112,KARIZ,Crude Oil Tanker,2007,81295,158817
9364382,GAS WANAKA,LPG Tanker,2008,48425,54707
9365752,FLORA,Crude Oil Tanker,2008,163330,319994
9365764,AMEN,Crude Oil Tanker,2008,163330,319993
9365776,AZELIA,Crude Oil Tanker,2009,163330,319901
9368223,ACHILLES,Crude Oil Tanker,2008,62863,108953
9368235,NEVAH,Crude Oil Tanker,2008,62863,108936
9369617,NIZAMI GANJAVI,Chemical/Oil Products Tanker,2006,4549,6526
9370537,VALANO,LPG Tanker,2009,48502,54707
9371608,VANITY,Crude Oil Tanker,2008,156702,297395
9372547,VASILY DINKOV,Crude Oil Tanker,2008,49597,72722
9372559,KAPITAN GOTSKY,Crude Oil Tanker,2008,49597,72722
9372561,TIMOFEY GUZHENKO,Crude Oil Tanker,2009,49597,72722
9374868,ELEPHANT,Crude Oil Tanker,2007,62863,108943
9377042,ARMADA EXPLORER,Chemical/Oil Products Tanker,2006,4549,6526
9377779,MONARCH I,Crude Oil Tanker,2007,58418,105009
9378618,PIONER 1,Crude Oil Tanker,2008,59172,109996
9378620,DALVA,Crude Oil Tanker,2008,59172,109996
9378632,MALAK,Crude Oil Tanker,2009,59172,109996
9379052,NOVA,Chemical/Oil Products Tanker,2009,27987,41340
9379404,GAS DIOR,LPG Tanker,2008,42897,54048
9379698,LAFIT,Crude Oil Tanker,2009,156726,296481
9379703,CUMA,Crude Oil Tanker,2009,156726,296068
9380673,CENTURION,Crude Oil Tanker,2008,55909,105392
9381732,AUGA,Crude Oil Tanker,2008,62713,112521
9381744,ANTLIA,Crude Oil Tanker,2008,62687,112511
9382073,ANTARES I,Oil Products Tanker,2008,28049,45997
9382700,LADY URSULA,Crude Oil Tanker,2007,28799,48673
9382798,TRUST,Oil Products Tanker,2008,27725,46564
9383869,SARASWATI,Crude Oil Tanker,2008,58418,106850
9383950,EMINENT,Crude Oil Tanker,2009,59179,115098
9384069,LION I,Crude Oil Tanker,2009,58667,107023
9384095,RAGNAR,Chemical/Oil Products Tanker,2008,24112,38402
9384306,UNIVERSAL,Chemical/Oil Products Tanker,2009,29967,50923
9384435,JI LI I,Chemical/Oil Products Tanker,2008,19986,30720
9384447,JI SHUN,Chemical/Oil Products Tanker,2009,19986,30720
9384459,JI XIANG,Chemical/Oil Products Tanker,2010,19986,30720
9384992,MARS 6,Crude Oil Tanker,2007,57462,106045
9385142,ALMOND,Chemical/Oil Products Tanker,2009,29967,50923
9385233,BAYAZE D,Bulk Carrier,2009,11767,18908
9385831,LERUO,Oil Products Tanker,2010,28090,45951
9386299,GAS CONCEPT,LPG Tanker,2009,42897,54004
9386304,GAS LAGOON,LPG Tanker,2008,42897,54004
9386536,SPRING FORTUNE,Crude Oil Tanker,2009,62775,113021
9387152,OCEAN WAVE,Oil Products Tanker,2007,4535,7691
9387255,AZURE,Crude Oil Tanker,2008,59671,110448
9387279,ETHERA,Chemical/Oil Products Tanker,2008,29605,46606
9387762,GALVIN,LPG Tanker,2009,47266,58551
9388027,MANASLU,Chemical/Oil Products Tanker,2008,29605,46549
9388742,FONDEYA,Crude Oil Tanker,2008,62863,108817
9388754,TRADER,Crude Oil Tanker,2008,62863,108770
9388766,DESTAN,crude oil tanker,2008,62863,108912
9388780,BAI LU,Crude Oil Tanker,2009,62863,108940
9388792,UNITY,Crude Oil Tanker,2009,62863,108929
9389095,MINION,Crude Oil Tanker,2009,58667,106741
9389100,SMYRTOS,Crude Oil Tanker,2009,58667,106969
9389679,LIETO,Crude Oil Tanker,2008,62775,113005
9392822,LOTUS,Crude Oil Tanker,2008,59258,115146
9394935,OZANNO,Crude Oil Tanker,2008,62775,112969
9395379,FORTIS,Crude Oil Tanker,2008,56355,105905
9396725,SAN REMO,Chemical/Oil Products Tanker,2008,30040,50760
9397030,HARMONY,Oil Products Tanker,2007,6601,11479
9397080,SIA,LPG Tanker,2010,46025,49999
9397535,JUPITER,Chemical/Oil Products Tanker,2009,29967,50975
9397547,ARIADNE,Chemical/Oil Products Tanker,2008,29967,50973
9397559,ARIA,Chemical/Oil Products Tanker,2008,29967,50956
9397676,NASIMI,Oil Products Tanker,2006,7833,13030
9398278,MT GUNUNG GEULIS,Crude Oil Tanker,2009,60380,107538
9399167,ECLIPSE WIND,Chemical/Oil Products Tanker,2007,5256,8864
9400980,OMNI,Crude Oil Tanker,2008,55894,105380
9402469,FREDA,Crude Oil Tanker,2009,63294,115459
9402471,DEVIKA,Crude Oil Tanker,2009,63294,115605
9402732,JEWEL 1,Crude Oil Tanker,2008,164680,318068
9404572,FOSHAN,Chemical/Oil Products Tanker,2007,5312,9045
9404948,THRON,Crude Oil Tanker,2009,58614,105272
9405057,JUN TONG,Crude Oil Tanker,2008,62856,115406
9405617,MT M3S X,Bitumen Tanker,2008,2063,2888
9408205,FAST KATHY,Crude Oil Tanker,2010,83805,156760
9408530,EVITA,Crude Oil Tanker,2008,62856,115462
9408695,TASSOS,Crude Oil Tanker,2009,83562,156436
9408798,MALED,Chemical/Oil Products Tanker,2008,12105,20866
9409259,SPIRIT 2,Crude Oil Tanker,2008,62775,113091
9409467,PRAVASI,Oil Products Tanker,2008,40975,74994
9410234,CARINA I,Crude Oil Tanker,2009,160502,318325
9410387,JAYA,Crude Oil Tanker,2008,160160,310084
9410870,ROWAN,Crude Oil Tanker,2008,62775,113010
9410894,VALOUR,Crude Oil Tanker,2009,62775,113043
9411020,BRATSK,Crude Oil Tanker,2009,83747,156572
9411288,M.T VELA,Chemical/Oil Products Tanker,2007,5256,9040
9411331,CANARA,Crude Oil Tanker,2009,81347,158033
9412335,BOND,Crude Oil Tanker,2010,83747,156697
9412347,LYNX,Crude Oil Tanker,2011,83747,156630
9412359,BELGOROD,Crude Oil Tanker,2010,83747,156694
9412995,KRUGER,Crude Oil Tanker,2009,55898,105355
9413547,AMULET,Crude Oil Tanker,2009,62433,111107
9413559,ANTARKTIKA,Crude Oil Tanker,2009,62433,111107
9413561,ALLIANCE,Crude Oil Tanker,2009,62433,111682
9413573,ARCADIA,Crude Oil Tanker,2009,62433,111682
9417115,KOTI,oil tanker,2008,5182,8008
9417490,ARABIAN ENERGY,Chemical/Oil Products Tanker,2008,6149,9285
9418078,ELIZA II,Crude Oil Tanker,2009,164680,317977
9418482,CETUS,Crude Oil Tanker,2009,60325,105369
9418494,ZALIV ANIVA,Crude Oil Tanker,2009,60325,102946
9418509,OMSK,Oil Products Tanker,2008,3606,5373
9419137,SIKAR,Crude Oil Tanker,2010,62775,112777
9419151,WU TAI,Crude Oil Tanker,2010,62775,112795
9419448,RUTON,Crude Oil Tanker,2009,61618,115655
9420617,ZANGAZUR,Crude Oil Tanker,2010,60379,107507
9421960,PRIMORYE,Crude Oil Tanker,2009,84029,158070
9421972,SPARTAN,Crude Oil Tanker,2010,84029,158070
9422445,SIRIUS,Crude Oil Tanker,2009,81415,158096
9422457,BOBCAT,Crude Oil Tanker,2010,81415,158097
9422653,TYUMEN,Chemical/Oil Products Tanker,2008,1921,2959
9422847,GLOBAL EAGLE,Chemical/Oil Products Tanker,2007,5256,9040
9422859,GLOBAL HAWK,Chemical/Oil Products Tanker,2007,5256,9010
9422988,VOLANS,Crude Oil Tanker,2009,54916,99876
9423322,APOLLO OCEAN,LPG Tanker,2010,46025,49999
9424651,MANTA,Oil Products Tanker,2009,28231,46592
9427146,SHIVA,Bitumen Tanker,2007,8580,11891
9428358,SONA,Oil Products Tanker,2009,30006,49999
9430210,GOGLAND,Chemical/Oil Products Tanker,2018,3568,4450
9433016,APATE,Oil Products Tanker,2009,42340,74862
9434890,NAUTILUS,Crude Oil Tanker,2010,60185,108835
9435337,AKHTY,Chemical/Oil Products Tanker,2008,4699,7008
9435363,VOLGA RIVER,Chemical/Oil Products Tanker,2008,4695,7074
9435375,IRTYSH RIVER,Chemical/Oil Products Tanker,2009,4695,7073
9436006,SAMIRA,Crude Oil Tanker,2009,62775,112984
9436018,OCEAN PEARL,Crude Oil Tanker,2009,62775,112871
9436941,YI MENG SHAN,Crude Oil Tanker,2010,55898,105309
9437983,CAI YUN,Crude Oil Tanker,2010,60237,109005
9439058,NORNS,Crude Oil Tanker,2009,160068,309960
9439541,NEMRUT,Crude Oil Tanker,2009,60578,106992
9441178,SANDINO,Chemical/Oil Products Tanker,2009,42006,73719
9451501,GLOBAL GENESIS,Bitumen Tanker,2007,2641,4484
9451642,VENGERY,Offshore Tug/Supply Ship,2010,2736,2577
9453729,KURDOS II,Chemical/Oil Products Tanker,2008,8302,13168
9459242,FELIKS,Oil Products Tanker,2010,28725,45996
9463528,GLORY STAR 1,Oil Products Tanker,2007,10797,16820
9464156,ARIHANT,Oil Products Tanker,2009,8610,12807
9486805,ZEAL,Oil Products Tanker,2017,2169,3751
9486910,BETA,Crude Oil Tanker,2010,55909,105319
9495832,BLACKSEA EAGLE,Oil Products Tanker,2008,5036,7097
9502453,MARIA CRISTINA,Chemical/Oil Products Tanker,2010,11253,16906
9510553,SEA SHORE,Chemical/Oil Products Tanker,2009,6153,9118
9511179,PONTUS,Bitumen Tanker,2008,4249,5742
9511387,OLYMPUS,Crude Oil Tanker,2010,62504,113905
9511521,MIRABEL,Crude Oil Tanker,2010,62504,113867
9511533,PRIMAVERA,Crude Oil Tanker,2010,62504,113860
9513139,FEARLESS,Crude Oil Tanker,2011,83850,156532
9522324,SIERRA,Crude Oil Tanker,2011,62504,113905
9524451,SABINA,Crude Oil Tanker,2011,81282,158574
9524463,SATARA,Crude Oil Tanker,2011,81282,158574
9524475,9524475,Crude Oil Tanker,2011,81282,158574
9526693,GUANG TAI,Chemical/Oil Products Tanker,2010,8836,13968
9529645,SUN 9,Chemical/Oil Products Tanker,2010,11908,19992
9530917,SAKINA,Crude Oil Tanker,2013,81833,157258
9531375,MOLLY,Chemical/Oil Products Tanker,2013,2340,3534
9531387,FOURACE,Chemical/Oil Products Tanker,2013,2340,3502
9534614,HH GLORY,LPG Tanker,2011,48270,54867
9537109,ORENBURG,Oil Products Tanker,2012,3953,6879
9543500,YARE,Crude Oil Tanker,2011,56326,104579
9543512,PARAMACONI,Crude Oil Tanker,2011,56326,104554
9544281,CORUS,Oil Products Tanker,2010,61241,115708
9546708,AZURE SKY,Oil Products Tanker,2011,7591,9890
9546710,MARUTI,Oil Products Tanker,2010,7591,9985
9546722,OCEANJET,Oil Products Tanker,2010,7591,9965
9550682,XING CHEN,Crude Oil Tanker,2009,42010,73427
9552496,TEREPAIMA,Crude Oil Tanker,2011,56326,104736
9553957,COURAGE 7,Bitumen Tanker,2015,3811,3527
9554822,IANTHE,Bitumen Tanker,2012,5680,7226
9554834,XANTE,Bitumen Tanker,2010,5637,7226
9555199,GLOBAL PEACE,Oil Products Tanker,2010,4568,6191
9569205,SEA STAR III,Crude Oil Tanker,2012,164796,317519
9569619,SNOW,Crude Oil Tanker,2012,164796,318021
9569621,STARLA,Crude Oil Tanker,2012,164796,317473
9569633,STREAM,Crude Oil Tanker,2013,164796,317534
9569645,SERENA,Crude Oil Tanker,2013,164796,317536
9569657,SEA CLIFF,Crude Oil Tanker,2013,164796,317502
9569669,DORENA,Crude Oil Tanker,2012,165784,319260
9569671,DINO I,Crude Oil Tanker,2012,165784,319300
9569683,DANIEL,Crude Oil Tanker,2013,165784,319260
9569695,DIONA,Crude Oil Tanker,2013,165784,319297
9569700,DERYA,Crude Oil Tanker,2013,165784,319295
9569712,DUNE,Crude Oil Tanker,2013,165784,319247
9571052,MAHADEV,Bitumen Tanker,2011,4126,5902
9572111,DIGNITY,Oil Products Tanker,2009,7626,9915
9577082,PREMIER,Crude Oil Tanker,2011,42208,74581
9577094,PATHFINDER,Crude Oil Tanker,2011,42208,74548
9582726,BRAVELY LOYALTY,Chemical/Oil Products Tanker,2010,9127,14460
9585912,MARLIN,Chemical/Oil Products Tanker,2020,4701,7033
9585924,KALUGA,Chemical/Oil Products Tanker,2021,4701,7033
9589750,DANSHUI,Crude Oil Tanker,2011,81384,158672
9590008,SOLDIER,Crude Oil Tanker,2013,167572,320840
9590137,MEGION,Chemical/Oil Products Tanker,2011,1764,2679
9599341,JUPITER I,Oil Products Tanker,2010,4812,7111
9599353,VENUS III,Oil Products Tanker,2011,4800,7102
9610781,ZENITH,Crude Oil Tanker,2012,66818,122039
9610793,GEORGY MASLOV,Crude Oil Tanker,2012,66818,122018
9610808,ANATOLY KOLODKIN,Crude Oil Tanker,2013,66855,118316
9610810,VIKTOR BAKAEV,Crude Oil Tanker,2013,66855,118175
9615092,ELIN,LPG Tanker,2013,12216,13421
9621601,VASILY LANOVOY,Chemical/Oil Products Tanker,2016,29795,49996
9622069,ASIA UNITY,Chemical/Oil Products Tanker,2013,20662,29745
9624316,AURA,Chemical/Oil Products Tanker,2012,5160,7334
9630004,VALERA,LNG Tanker,2014,113876,93486
9630028,PERLE,LNG Tanker,2014,113876,93152
9633501,CHELSEA PROVIDENCE,Chemical/Oil Products Tanker,2013,29877,51604
9637650,DING HENG 36,Chemical/Oil Products Tanker,2012,12340,19098
9637961,SERGEY TERSKOV,Crude Oil Tanker,2016,4531,6613
9640516,VELES,Oil Products Tanker,2012,5075,7004
9640528,POSEIDON S,Oil Products Tanker,2012,5075,7031
9641091,GAMKONORA,Crude Oil Tanker,2012,63014,88258
9645011,SANAR-18,Oil Products Tanker,2012,5075,7025
9650016,RN SAKHALIN,Oil Products Tanker,2018,2824,3202
9655470,SATURN I,Oil Products Tanker,2013,5075,7023
9672301,GLOBAL DOMINANCE,Bunkering Tanker,2016,2993,3989
9683726,DMITRY POKROVSKY,Oil Products Tanker,2014,5075,6999
9683738,LADY SEVDA,Oil Products Tanker,2014,5075,7003
9683740,LADY LEILA,Oil Products Tanker,2014,5075,6999
9689031,A R G,Chemical/Oil Products Tanker,2018,13222,19950
9690212,STALINGRAD,Chemical/Oil Products Tanker,2014,4810,6360
9690224,MARSHAL ZHUKOV,Chemical/Oil Products Tanker,2014,4810,6347
9720263,ZAFAR,Bulk Carrier,2015,24198,37300
9735323,YAZ,Chemical/Oil Products Tanker,2014,4754,6619
9735335,SIG,Chemical/Oil Products Tanker,2014,4754,6619
9737187,CHRIS. DE MARGERIE,LNG Tanker,2016,128806,96779
9749154,KUPAVA,Chemical/Oil Products Tanker,2017,4979,6610
9752084,SHTURMAN ALBANOV,Crude Oil Tanker,2016,44354,41455
9752096,SHTURMAN MALYGIN,Crude Oil Tanker,2016,44354,41542
9752101,SHTURMAN OVTSYN,Crude Oil Tanker,2016,44354,41551
9759915,SHTURMAN SKURATOV,Crude Oil Tanker,2017,44354,41401
9759927,SHTURMAN SHCHERBININ,Crude Oil Tanker,2017,44354,41401
9759939,SHTURMAN KOSHELEV,Crude Oil Tanker,2017,44354,41457
9763837,AUDAX,Heavy Load Carrier,2016,34146,33033
9763849,PUGNAX,Heavy Load Carrier,2016,34146,33033
9773301,RICH STARRY,Chemical/Oil Products Tanker,2015,21678,36031
9777670,SANAR-15,Oil Products Tanker,2015,5075,7005
9778313,MARSHAL VASILEVSKIY,Offshore Support Vessel,2018,118423,93292
9779941,SHUSHA,Crude Oil Tanker,2017,61032,113838
9784893,LADY RANIA,Chemical/Oil Products Tanker,2015,5087,7005
9810513,KARABAKH,Crude Oil Tanker,2018,63487,106999
9820312,NIKI,Chemical/Oil Products Tanker,2018,29698,50072
9820324,FEDRA,Chemical/Oil Products Tanker,2018,29698,50154
9820336,MATISA,Chemical/Oil Products Tanker,2018,29698,50127
9826902,GALAXY,Crude Oil Tanker,2019,64909,113232
9827944,SEA LION,Chemical/Oil Products Tanker,2018,19467,28310
9829629,DIJILAH,Crude Oil Tanker,2019,162192,320596
9830769,HUNTER STAR,Heavy Load Carrier,2018,18401,24961
9832547,VELMAR,Crude Oil Tanker,2018,62330,115643
9832559,VIRAT,Crude Oil Tanker,2018,62330,115643
9837547,MIKHAIL LAZAREV,Crude Oil Tanker,2019,44457,41012
9842176,VLADIMIR MONOMAKH,Crude Oil Tanker,2020,65141,112960
9842188,VLADIMIR VINOGRADOV,Crude Oil Tanker,2022,65141,112960
9842190,AKADEMIK GUBKIN,Crude Oil Tanker,2023,65141,112909
9843560,VOYAGER,Crude Oil Tanker,2019,64909,113310
9849887,LA PEROUSE,LNG Tanker,2020,116779,92923
9864837,ARCTIC MULAN,LNG Tanker,2024,54836,44737
9866380,OKEANSKY PROSPECT,Crude Oil Tanker,2022,65141,112651
9866392,VOSTOCHNY PROSPECT,Crude Oil Tanker,2023,65141,112595
9876359,IVAN AIVAZOVSKY,Chemical/Oil Products Tanker,2022,29500,50000
9885879,VALENTIN PIKUL,Crude Oil Tanker,2024,50531,69323
9888182,DMITRY MENDELEEV,Bunkering Tanker,2021,6690,3594
9901025,VLADIMIR ARSENYEV,Crude Oil Tanker,2022,65548,104569
9901037,NIKOLAY ZADORNOV,Crude Oil Tanker,2022,65548,104748
9904546,ALEKSEY KOSYGIN,LNG Tanker,2022,108406,89000
9915090,SAAM FSU,FSO,2023,251053,192072
9915105,KORYAK FSU,FSO,2023,251053,192072
9934498,NAN FENG ZHI XING,Heavy Load Carrier,2022,18116,25119
9953509,BURAN,LNG Tanker,2023,115519,88636
9953511,VOSKHOD,LNG Tanker,2023,115519,88798
9953523,IRIS,LNG Tanker,2024,115519,88809
9953535,ZARYA,LNG Tanker,2024,115519,88709
9969821,TINOS I,LPG Tanker,2024,54492,58032
9352559,PHOENIX VANGUARD,Crude Oil Tanker,2007,157844,306506
9312509,AL SIDDEEQ,Crude Oil Tanker,2007,159911,307284
9291236,LONG XIANG,Crude Oil Tanker,2005,60007,107091
9268186,ATLANTIC,Bunkering Tanker,2002,4341,6019
9269403,BIANCA,Chemical/Oil Products Tanker,2003,19875,29524
9281580,IOANNIS,Chemical/Oil Products Tanker,2006,27207,45557
9298284,CHEMTRANS,Crude Oil Tanker,2005,41994,73964
